unit_no	unit_title	task	write_type	wp_post_id	permalink	wp_status	updated_at	playlist_en	video_en	playlist_np	video_np	reading_script	reading_audio_url	desc_box_content
01	인구 변화	53	graph	22	https://epstopikpro.com/topik2-unit-01/	Done	2026-01-27T21:09:43.070-05:00	PLi-LI77U5v_5RF26VKdKFGc7ZndWbmQuV	xJRtee2rTY0	PLi-LI77U5v_6lfnvM6Eexl_TgbnAZTsAi	Cd-SZb41bZs	한국 사회는 빠르게 변화하고 있다. 과거에는 아이를 많이 낳았지만, 최근에는 저출산 문제가 심각하다.
 2020년 통계에 따르면, 유소년 인구는 감소하는 반면에 노인 인구는 계속해서 증가하고 있다. 전문가들은 이러한 인구 변화가 경제에 큰 영향을 미칠 것이라고 경고했다.
 인구 통계 연구소에서 노인 인구의 변화에 대해 조사하였다. 노인 인구 비율을 살펴보면, 2010년 10%에서 2023년 18%로 크게 증가한 것으로 나타났다.
 그 원인은 의료 기술이 발달했기 때문이다.
 		✅ <b>Key Vocabulary (핵심 어휘)</b><br>
 - 인구 (In-gu) - Population<br>
 - 증가하다 (Jeung-ga-ha-da) - To increase<br>
 - 감소하다 (Gam-so-ha-da) - To decrease<br>
 - ~에 비해 (~e bi-hae) - Compared to...<br>
 - ~로 나타났다 (~ro na-ta-nat-da) - It appeared that...<br>
 <br>
 ✅ <b>TOPIK II Writing Task 53 Strategy</b><br>
 <b>📊 Magic Formula: Grammar & Pattern</b><br>
 - Grammar: ~는 반면에 (On the other hand)<br>
 - Formula: "살펴보면 (Looking at)... ~에서 ~로 증가했다 (Increased from... to...)"
02	건강과 생활	53	graph	20	https://epstopikpro.com/topik2-unit-02/	Done	2026-01-27T20:16:24.159-05:00	PLi-LI77U5v_5RF26VKdKFGc7ZndWbmQuV	hVTvslAsWVk	PLi-LI77U5v_6lfnvM6Eexl_TgbnAZTsAi	4bPcloGJbGI	현대인들은 스트레스를 많이 받기 때문에 건강 문제가 자주 생깁니다. 규칙적으로 운동하고 충분히 자는 편인 사람들은 비교적 건강한 편입니다. 
 그래서 많은 회사에서 정기 건강 검진을 실시하고 있습니다. 
 한 연구소에서 직장인의 운동 습관에 대해 조사하였다. 
 조사 결과, 운동을 전혀 하지 않는 사람은 30%인 반면에 일주일에 1~2회 운동하는 사람은 40%, 3회 이상 운동하는 사람은 30%로 나타났다. 
 그 원인은 많은 직장인이 늦게까지 일하기 때문에 규칙적으로 운동할 시간이 부족하기 때문이다.
		✅ <b>Key Vocabulary (핵심 어휘)</b><br>
 - 건강 (Health): Health<br>
 - 운동하다 (To exercise): To work out<br>
 - 규칙적이다 (Regular): Consistent<br>
 - 스트레스를 받다 (Stressed): To get stressed<br>
 - 검진 (Check-up): Medical screening<br>
 - 원인 (Cause) & 결과 (Result)<br>
 <br>
 ✅ <b>TOPIK II Writing Task 53 Strategy</b><br>
 <b>📊 Magic Formula: Start - Body - Cause</b><br>
 1. <b>Start:</b> ~에 대해 조사하였다 (Investigated about...)<br>
 2. <b>Body:</b> ~는 반면에 (While...), ~으로 나타났다 (Showed that...)<br>
 3. <b>Cause:</b> ~기 때문에 (Because...), ~기 때문이다 (The reason is...)<br>
 <br>
 Practice this pattern to get a high score in TOPIK II Writing!
